{
  "type": "minecraft:smithing_transform",
  "base": "minecraft:elytra",
  "addition": "minecraft:light_gray_wool",
  "template": "#minecraft:wool",
  "result": {
    "id": "minecraft:elytra",
    "components": {
      "minecraft:item_model": "capewings:home",
      "minecraft:equippable": {
        "slot": "chest",
        "equip_sound": "minecraft:item.armor.equip_elytra",
        "asset_id": "capewings:home",
        "dispensable": true,
        "swappable": true,
        "damage_on_hurt": false,
        "equip_on_interact": true,
        "can_be_sheared": false
      },
      "minecraft:item_name": {
        "text": "Home Elytra",
        "italic": false
      }
    },
    "count": 1
  }
}